lambda_nm,n,n_g,D_ps_nm_km,beta2_ps2_km
600.000000,1.458038,1.478024,-292.634604,55.927784
601.000000,1.458004,1.477937,-290.998888,55.800707
602.000000,1.457971,1.477850,-289.374655,55.674061
603.000000,1.457938,1.477763,-287.761799,55.547842
604.000000,1.457906,1.477677,-286.160220,55.422048
605.000000,1.457873,1.477592,-284.569816,55.296674
606.000000,1.457840,1.477506,-282.990486,55.171719
607.000000,1.457808,1.477422,-281.422133,55.047178
608.000000,1.457776,1.477338,-279.864658,54.923050
609.000000,1.457744,1.477254,-278.317964,54.799330
610.000000,1.457712,1.477171,-276.781955,54.676017
611.000000,1.457680,1.477088,-275.256537,54.553107
612.000000,1.457648,1.477006,-273.741617,54.430597
613.000000,1.457617,1.476924,-272.237100,54.308485
614.000000,1.457585,1.476843,-270.742896,54.186767
615.000000,1.457554,1.476762,-269.258913,54.065441
616.000000,1.457523,1.476681,-267.785063,53.944504
617.000000,1.457492,1.476601,-266.321255,53.823952
618.000000,1.457461,1.476521,-264.867402,53.703784
619.000000,1.457430,1.476442,-263.423418,53.583997
620.000000,1.457399,1.476363,-261.989216,53.464588
621.000000,1.457369,1.476285,-260.564711,53.345554
622.000000,1.457338,1.476207,-259.149818,53.226892
623.000000,1.457308,1.476130,-257.744455,53.108600
624.000000,1.457278,1.476053,-256.348539,52.990675
625.000000,1.457248,1.475976,-254.961987,52.873115
626.000000,1.457218,1.475900,-253.584721,52.755917
627.000000,1.457188,1.475824,-252.216659,52.639079
628.000000,1.457159,1.475749,-250.857722,52.522597
629.000000,1.457129,1.475674,-249.507833,52.406470
630.000000,1.457100,1.475599,-248.166913,52.290694
631.000000,1.457070,1.475525,-246.834886,52.175268
632.000000,1.457041,1.475451,-245.511677,52.060189
633.000000,1.457012,1.475378,-244.197210,51.945454
634.000000,1.456983,1.475305,-242.891410,51.831061
635.000000,1.456954,1.475232,-241.594205,51.717008
636.000000,1.456926,1.475160,-240.305522,51.603292
637.000000,1.456897,1.475088,-239.025288,51.489911
638.000000,1.456868,1.475016,-237.753432,51.376863
639.000000,1.456840,1.474945,-236.489883,51.264144
640.000000,1.456812,1.474875,-235.234573,51.151754
641.000000,1.456784,1.474804,-233.987431,51.039689
642.000000,1.456756,1.474734,-232.748389,50.927947
643.000000,1.456728,1.474665,-231.517379,50.816526
644.000000,1.456700,1.474596,-230.294335,50.705424
645.000000,1.456672,1.474527,-229.079190,50.594638
646.000000,1.456644,1.474458,-227.871878,50.484167
647.000000,1.456617,1.474390,-226.672334,50.374008
648.000000,1.456589,1.474322,-225.480494,50.264159
649.000000,1.456562,1.474255,-224.296294,50.154617
650.000000,1.456535,1.474188,-223.119671,50.045381
651.000000,1.456508,1.474121,-221.950562,49.936449
652.000000,1.456481,1.474055,-220.788906,49.827818
653.000000,1.456454,1.473989,-219.634641,49.719486
654.000000,1.456427,1.473923,-218.487707,49.611451
655.000000,1.456400,1.473858,-217.348043,49.503712
656.000000,1.456374,1.473793,-216.215590,49.396265
657.000000,1.456347,1.473728,-215.090290,49.289110
658.000000,1.456321,1.473664,-213.972084,49.182243
659.000000,1.456295,1.473600,-212.860914,49.075664
660.000000,1.456268,1.473536,-211.756724,48.969369
661.000000,1.456242,1.473473,-210.659456,48.863358
662.000000,1.456216,1.473410,-209.569054,48.757627
663.000000,1.456190,1.473347,-208.485464,48.652176
664.000000,1.456165,1.473285,-207.408630,48.547001
665.000000,1.456139,1.473223,-206.338498,48.442103
666.000000,1.456113,1.473161,-205.275014,48.337477
667.000000,1.456088,1.473100,-204.218124,48.233123
668.000000,1.456062,1.473039,-203.167776,48.129038
669.000000,1.456037,1.472978,-202.123918,48.025221
670.000000,1.456011,1.472917,-201.086497,47.921670
671.000000,1.455986,1.472857,-200.055463,47.818383
672.000000,1.455961,1.472797,-199.030764,47.715358
673.000000,1.455936,1.472738,-198.012351,47.612593
674.000000,1.455911,1.472679,-197.000172,47.510087
675.000000,1.455886,1.472620,-195.994180,47.407838
676.000000,1.455862,1.472561,-194.994325,47.305844
677.000000,1.455837,1.472503,-194.000559,47.204103
678.000000,1.455812,1.472445,-193.012833,47.102613
679.000000,1.455788,1.472387,-192.031101,47.001373
680.000000,1.455764,1.472330,-191.055315,46.900382
681.000000,1.455739,1.472273,-190.085428,46.799636
682.000000,1.455715,1.472216,-189.121395,46.699135
683.000000,1.455691,1.472159,-188.163169,46.598877
684.000000,1.455667,1.472103,-187.210706,46.498861
685.000000,1.455643,1.472047,-186.263960,46.399084
686.000000,1.455619,1.471991,-185.322887,46.299544
687.000000,1.455595,1.471936,-184.387444,46.200242
688.000000,1.455571,1.471881,-183.457585,46.101173
689.000000,1.455548,1.471826,-182.533269,46.002338
690.000000,1.455524,1.471771,-181.614453,45.903734
691.000000,1.455501,1.471717,-180.701093,45.805360
692.000000,1.455477,1.471663,-179.793148,45.707214
693.000000,1.455454,1.471609,-178.890576,45.609295
694.000000,1.455431,1.471556,-177.993337,45.511601
695.000000,1.455407,1.471502,-177.101389,45.414131
696.000000,1.455384,1.471449,-176.214691,45.316882
697.000000,1.455361,1.471397,-175.333204,45.219854
698.000000,1.455338,1.471344,-174.456888,45.123045
699.000000,1.455315,1.471292,-173.585704,45.026453
700.000000,1.455292,1.471240,-172.719612,44.930077
701.000000,1.455270,1.471189,-171.858574,44.833916
702.000000,1.455247,1.471137,-171.002552,44.737967
703.000000,1.455224,1.471086,-170.151507,44.642230
704.000000,1.455202,1.471035,-169.305403,44.546703
705.000000,1.455179,1.470985,-168.464201,44.451384
706.000000,1.455157,1.470934,-167.627865,44.356273
707.000000,1.455135,1.470884,-166.796358,44.261367
708.000000,1.455113,1.470834,-165.969644,44.166665
709.000000,1.455090,1.470785,-165.147688,44.072166
710.000000,1.455068,1.470735,-164.330453,43.977869
711.000000,1.455046,1.470686,-163.517904,43.883771
712.000000,1.455024,1.470637,-162.710007,43.789872
713.000000,1.455002,1.470588,-161.906726,43.696171
714.000000,1.454981,1.470540,-161.108028,43.602665
715.000000,1.454959,1.470492,-160.313878,43.509354
716.000000,1.454937,1.470444,-159.524242,43.416235
717.000000,1.454915,1.470396,-158.739088,43.323309
718.000000,1.454894,1.470349,-157.958382,43.230573
719.000000,1.454872,1.470302,-157.182091,43.138026
720.000000,1.454851,1.470255,-156.410183,43.045667
721.000000,1.454830,1.470208,-155.642625,42.953495
722.000000,1.454808,1.470161,-154.879386,42.861507
723.000000,1.454787,1.470115,-154.120433,42.769704
724.000000,1.454766,1.470069,-153.365736,42.678083
725.000000,1.454745,1.470023,-152.615264,42.586644
726.000000,1.454724,1.469977,-151.868985,42.495384
727.000000,1.454703,1.469932,-151.126869,42.404303
728.000000,1.454682,1.469887,-150.388885,42.313400
729.000000,1.454661,1.469842,-149.655004,42.222673
730.000000,1.454640,1.469797,-148.925196,42.132122
731.000000,1.454620,1.469752,-148.199431,42.041744
732.000000,1.454599,1.469708,-147.477681,41.951538
733.000000,1.454578,1.469664,-146.759915,41.861504
734.000000,1.454558,1.469620,-146.046106,41.771640
735.000000,1.454537,1.469576,-145.336224,41.681945
736.000000,1.454517,1.469533,-144.630242,41.592418
737.000000,1.454496,1.469490,-143.928132,41.503058
738.000000,1.454476,1.469447,-143.229866,41.413863
739.000000,1.454456,1.469404,-142.535416,41.324832
740.000000,1.454436,1.469361,-141.844755,41.235964
741.000000,1.454415,1.469319,-141.157855,41.147258
742.000000,1.454395,1.469277,-140.474691,41.058712
743.000000,1.454375,1.469235,-139.795236,40.970327
744.000000,1.454355,1.469193,-139.119463,40.882100
745.000000,1.454335,1.469151,-138.447346,40.794030
746.000000,1.454316,1.469110,-137.778859,40.706116
747.000000,1.454296,1.469068,-137.113977,40.618358
748.000000,1.454276,1.469027,-136.452673,40.530753
749.000000,1.454256,1.468987,-135.794924,40.443301
750.000000,1.454237,1.468946,-135.140703,40.356001
751.000000,1.454217,1.468906,-134.489986,40.268852
752.000000,1.454198,1.468865,-133.842749,40.181853
753.000000,1.454178,1.468825,-133.198966,40.095002
754.000000,1.454159,1.468786,-132.558614,40.008298
755.000000,1.454139,1.468746,-131.921669,39.921741
756.000000,1.454120,1.468706,-131.288106,39.835329
757.000000,1.454101,1.468667,-130.657903,39.749061
758.000000,1.454082,1.468628,-130.031036,39.662936
759.000000,1.454062,1.468589,-129.407482,39.576954
760.000000,1.454043,1.468551,-128.787218,39.491113
761.000000,1.454024,1.468512,-128.170220,39.405412
762.000000,1.454005,1.468474,-127.556467,39.319850
763.000000,1.453986,1.468436,-126.945935,39.234426
764.000000,1.453967,1.468398,-126.338604,39.149139
765.000000,1.453948,1.468360,-125.734449,39.063988
766.000000,1.453930,1.468322,-125.133451,38.978973
767.000000,1.453911,1.468285,-124.535586,38.894091
768.000000,1.453892,1.468248,-123.940834,38.809342
769.000000,1.453873,1.468210,-123.349173,38.724726
770.000000,1.453855,1.468174,-122.760583,38.640240
771.000000,1.453836,1.468137,-122.175041,38.555885
772.000000,1.453818,1.468100,-121.592527,38.471659
773.000000,1.453799,1.468064,-121.013021,38.387561
774.000000,1.453781,1.468028,-120.436502,38.303590
775.000000,1.453762,1.467992,-119.862950,38.219746
776.000000,1.453744,1.467956,-119.292344,38.136027
777.000000,1.453726,1.467920,-118.724665,38.052432
778.000000,1.453708,1.467885,-118.159893,37.968961
779.000000,1.453689,1.467849,-117.598008,37.885612
780.000000,1.453671,1.467814,-117.038990,37.802385
781.000000,1.453653,1.467779,-116.482821,37.719279
782.000000,1.453635,1.467744,-115.929482,37.636292
783.000000,1.453617,1.467710,-115.378952,37.553424
784.000000,1.453599,1.467675,-114.831214,37.470674
785.000000,1.453581,1.467641,-114.286248,37.388042
786.000000,1.453563,1.467607,-113.744036,37.305525
787.000000,1.453545,1.467573,-113.204560,37.223124
788.000000,1.453528,1.467539,-112.667801,37.140837
789.000000,1.453510,1.467505,-112.133742,37.058663
790.000000,1.453492,1.467472,-111.602363,36.976602
791.000000,1.453474,1.467438,-111.073648,36.894653
792.000000,1.453457,1.467405,-110.547579,36.812815
793.000000,1.453439,1.467372,-110.024138,36.731087
794.000000,1.453422,1.467339,-109.503308,36.649468
795.000000,1.453404,1.467306,-108.985071,36.567957
796.000000,1.453387,1.467274,-108.469411,36.486554
797.000000,1.453369,1.467241,-107.956310,36.405257
798.000000,1.453352,1.467209,-107.445751,36.324066
799.000000,1.453335,1.467177,-106.937718,36.242980
800.000000,1.453317,1.467145,-106.432195,36.161998
801.000000,1.453300,1.467113,-105.929164,36.081120
802.000000,1.453283,1.467081,-105.428610,36.000344
803.000000,1.453266,1.467050,-104.930516,35.919669
804.000000,1.453248,1.467018,-104.434866,35.839095
805.000000,1.453231,1.466987,-103.941644,35.758622
806.000000,1.453214,1.466956,-103.450834,35.678247
807.000000,1.453197,1.466925,-102.962421,35.597971
808.000000,1.453180,1.466894,-102.476390,35.517793
809.000000,1.453163,1.466864,-101.992723,35.437711
810.000000,1.453146,1.466833,-101.511408,35.357725
811.000000,1.453129,1.466803,-101.032427,35.277835
812.000000,1.453113,1.466773,-100.555766,35.198039
813.000000,1.453096,1.466742,-100.081410,35.118336
814.000000,1.453079,1.466713,-99.609344,35.038727
815.000000,1.453062,1.466683,-99.139554,34.959210
816.000000,1.453046,1.466653,-98.672024,34.879784
817.000000,1.453029,1.466624,-98.206740,34.800448
818.000000,1.453012,1.466594,-97.743689,34.721203
819.000000,1.452996,1.466565,-97.282854,34.642046
820.000000,1.452979,1.466536,-96.824223,34.562978
821.000000,1.452963,1.466507,-96.367782,34.483998
822.000000,1.452946,1.466478,-95.913515,34.405104
823.000000,1.452930,1.466449,-95.461410,34.326296
824.000000,1.452913,1.466421,-95.011453,34.247574
825.000000,1.452897,1.466392,-94.563629,34.168936
826.000000,1.452881,1.466364,-94.117926,34.090382
827.000000,1.452864,1.466336,-93.674330,34.011912
828.000000,1.452848,1.466308,-93.232828,33.933524
829.000000,1.452832,1.466280,-92.793406,33.855217
830.000000,1.452816,1.466252,-92.356051,33.776992
831.000000,1.452799,1.466225,-91.920750,33.698847
832.000000,1.452783,1.466197,-91.487491,33.620781
833.000000,1.452767,1.466170,-91.056260,33.542794
834.000000,1.452751,1.466143,-90.627045,33.464886
835.000000,1.452735,1.466116,-90.199833,33.387055
836.000000,1.452719,1.466089,-89.774611,33.309301
837.000000,1.452703,1.466062,-89.351367,33.231623
838.000000,1.452687,1.466035,-88.930089,33.154020
839.000000,1.452671,1.466008,-88.510764,33.076492
840.000000,1.452655,1.465982,-88.093381,32.999038
841.000000,1.452640,1.465956,-87.677926,32.921657
842.000000,1.452624,1.465929,-87.264389,32.844349
843.000000,1.452608,1.465903,-86.852756,32.767113
844.000000,1.452592,1.465877,-86.443017,32.689949
845.000000,1.452576,1.465851,-86.035160,32.612855
846.000000,1.452561,1.465826,-85.629172,32.535831
847.000000,1.452545,1.465800,-85.225043,32.458876
848.000000,1.452529,1.465775,-84.822761,32.381990
849.000000,1.452514,1.465749,-84.422314,32.305172
850.000000,1.452498,1.465724,-84.023692,32.228422
851.000000,1.452483,1.465699,-83.626882,32.151738
852.000000,1.452467,1.465674,-83.231875,32.075120
853.000000,1.452452,1.465649,-82.838658,31.998568
854.000000,1.452436,1.465624,-82.447221,31.922081
855.000000,1.452421,1.465599,-82.057553,31.845657
856.000000,1.452405,1.465575,-81.669642,31.769298
857.000000,1.452390,1.465551,-81.283480,31.693001
858.000000,1.452375,1.465526,-80.899054,31.616766
859.000000,1.452359,1.465502,-80.516354,31.540593
860.000000,1.452344,1.465478,-80.135369,31.464481
861.000000,1.452329,1.465454,-79.756090,31.388430
862.000000,1.452314,1.465430,-79.378506,31.312438
863.000000,1.452298,1.465406,-79.002606,31.236505
864.000000,1.452283,1.465383,-78.628381,31.160631
865.000000,1.452268,1.465359,-78.255820,31.084815
866.000000,1.452253,1.465336,-77.884912,31.009056
867.000000,1.452238,1.465313,-77.515650,30.933354
868.000000,1.452223,1.465289,-77.148021,30.857708
869.000000,1.452208,1.465266,-76.782017,30.782118
870.000000,1.452193,1.465243,-76.417627,30.706582
871.000000,1.452178,1.465220,-76.054843,30.631101
872.000000,1.452163,1.465198,-75.693654,30.555674
873.000000,1.452148,1.465175,-75.334050,30.480300
874.000000,1.452133,1.465153,-74.976023,30.404978
875.000000,1.452118,1.465130,-74.619563,30.329708
876.000000,1.452103,1.465108,-74.264660,30.254490
877.000000,1.452088,1.465086,-73.911306,30.179323
878.000000,1.452074,1.465063,-73.559490,30.104206
879.000000,1.452059,1.465041,-73.209205,30.029138
880.000000,1.452044,1.465020,-72.860440,29.954120
881.000000,1.452029,1.464998,-72.513187,29.879150
882.000000,1.452015,1.464976,-72.167437,29.804228
883.000000,1.452000,1.464955,-71.823180,29.729354
884.000000,1.451985,1.464933,-71.480409,29.654526
885.000000,1.451971,1.464912,-71.139114,29.579745
886.000000,1.451956,1.464890,-70.799286,29.505009
887.000000,1.451941,1.464869,-70.460918,29.430319
888.000000,1.451927,1.464848,-70.123999,29.355673
889.000000,1.451912,1.464827,-69.788523,29.281071
890.000000,1.451898,1.464806,-69.454480,29.206513
891.000000,1.451883,1.464786,-69.121862,29.131997
892.000000,1.451869,1.464765,-68.790660,29.057525
893.000000,1.451854,1.464744,-68.460867,28.983094
894.000000,1.451840,1.464724,-68.132473,28.908704
895.000000,1.451826,1.464703,-67.805472,28.834355
896.000000,1.451811,1.464683,-67.479854,28.760047
897.000000,1.451797,1.464663,-67.155612,28.685778
898.000000,1.451783,1.464643,-66.832738,28.611548
899.000000,1.451768,1.464623,-66.511224,28.537357
900.000000,1.451754,1.464603,-66.191061,28.463204
901.000000,1.451740,1.464583,-65.872243,28.389089
902.000000,1.451725,1.464564,-65.554760,28.315011
903.000000,1.451711,1.464544,-65.238606,28.240970
904.000000,1.451697,1.464524,-64.923773,28.166964
905.000000,1.451683,1.464505,-64.610253,28.092994
906.000000,1.451669,1.464486,-64.298039,28.019060
907.000000,1.451655,1.464466,-63.987123,27.945159
908.000000,1.451640,1.464447,-63.677498,27.871293
909.000000,1.451626,1.464428,-63.369155,27.797460
910.000000,1.451612,1.464409,-63.062089,27.723660
911.000000,1.451598,1.464390,-62.756291,27.649893
912.000000,1.451584,1.464372,-62.451755,27.576157
913.000000,1.451570,1.464353,-62.148472,27.502454
914.000000,1.451556,1.464334,-61.846436,27.428781
915.000000,1.451542,1.464316,-61.545641,27.355138
916.000000,1.451528,1.464298,-61.246077,27.281526
917.000000,1.451514,1.464279,-60.947740,27.207943
918.000000,1.451500,1.464261,-60.650621,27.134389
919.000000,1.451487,1.464243,-60.354714,27.060863
920.000000,1.451473,1.464225,-60.060012,26.987366
921.000000,1.451459,1.464207,-59.766508,26.913896
922.000000,1.451445,1.464189,-59.474195,26.840453
923.000000,1.451431,1.464171,-59.183067,26.767037
924.000000,1.451417,1.464153,-58.893117,26.693647
925.000000,1.451404,1.464136,-58.604338,26.620282
926.000000,1.451390,1.464118,-58.316723,26.546943
927.000000,1.451376,1.464101,-58.030267,26.473628
928.000000,1.451362,1.464084,-57.744962,26.400338
929.000000,1.451349,1.464066,-57.460802,26.327071
930.000000,1.451335,1.464049,-57.177781,26.253827
931.000000,1.451321,1.464032,-56.895892,26.180606
932.000000,1.451308,1.464015,-56.615128,26.107408
933.000000,1.451294,1.463998,-56.335485,26.034231
934.000000,1.451280,1.463981,-56.056955,25.961076
935.000000,1.451267,1.463964,-55.779531,25.887941
936.000000,1.451253,1.463948,-55.503209,25.814827
937.000000,1.451240,1.463931,-55.227982,25.741733
938.000000,1.451226,1.463915,-54.953843,25.668659
939.000000,1.451213,1.463898,-54.680787,25.595603
940.000000,1.451199,1.463882,-54.408808,25.522566
941.000000,1.451186,1.463866,-54.137899,25.449548
942.000000,1.451172,1.463849,-53.868055,25.376547
943.000000,1.451159,1.463833,-53.599270,25.303563
944.000000,1.451145,1.463817,-53.331537,25.230597
945.000000,1.451132,1.463801,-53.064852,25.157646
946.000000,1.451119,1.463785,-52.799208,25.084712
947.000000,1.451105,1.463770,-52.534600,25.011793
948.000000,1.451092,1.463754,-52.271022,24.938889
949.000000,1.451078,1.463738,-52.008468,24.865999
950.000000,1.451065,1.463723,-51.746933,24.793124
951.000000,1.451052,1.463707,-51.486411,24.720263
952.000000,1.451039,1.463692,-51.226896,24.647415
953.000000,1.451025,1.463677,-50.968384,24.574579
954.000000,1.451012,1.463661,-50.710867,24.501756
955.000000,1.450999,1.463646,-50.454342,24.428945
956.000000,1.450985,1.463631,-50.198802,24.356146
957.000000,1.450972,1.463616,-49.944243,24.283358
958.000000,1.450959,1.463601,-49.690659,24.210580
959.000000,1.450946,1.463586,-49.438044,24.137813
960.000000,1.450933,1.463571,-49.186393,24.065056
961.000000,1.450920,1.463557,-48.935702,23.992308
962.000000,1.450906,1.463542,-48.685964,23.919569
963.000000,1.450893,1.463528,-48.437175,23.846839
964.000000,1.450880,1.463513,-48.189330,23.774116
965.000000,1.450867,1.463499,-47.942423,23.701402
966.000000,1.450854,1.463484,-47.696450,23.628695
967.000000,1.450841,1.463470,-47.451404,23.555995
968.000000,1.450828,1.463456,-47.207283,23.483301
969.000000,1.450815,1.463442,-46.964079,23.410613
970.000000,1.450802,1.463428,-46.721789,23.337932
971.000000,1.450789,1.463414,-46.480408,23.265255
972.000000,1.450776,1.463400,-46.239930,23.192583
973.000000,1.450763,1.463386,-46.000351,23.119916
974.000000,1.450750,1.463372,-45.761665,23.047253
975.000000,1.450737,1.463359,-45.523869,22.974593
976.000000,1.450724,1.463345,-45.286958,22.901937
977.000000,1.450711,1.463331,-45.050926,22.829283
978.000000,1.450698,1.463318,-44.815769,22.756632
979.000000,1.450685,1.463305,-44.581482,22.683983
980.000000,1.450672,1.463291,-44.348061,22.611336
981.000000,1.450659,1.463278,-44.115501,22.538690
982.000000,1.450647,1.463265,-43.883798,22.466044
983.000000,1.450634,1.463252,-43.652946,22.393399
984.000000,1.450621,1.463239,-43.422942,22.320755
985.000000,1.450608,1.463226,-43.193781,22.248109
986.000000,1.450595,1.463213,-42.965458,22.175464
987.000000,1.450583,1.463200,-42.737970,22.102817
988.000000,1.450570,1.463187,-42.511310,22.030168
989.000000,1.450557,1.463174,-42.285476,21.957518
990.000000,1.450544,1.463162,-42.060463,21.884865
991.000000,1.450531,1.463149,-41.836267,21.812210
992.000000,1.450519,1.463137,-41.612883,21.739551
993.000000,1.450506,1.463124,-41.390306,21.666889
994.000000,1.450493,1.463112,-41.168534,21.594224
995.000000,1.450481,1.463100,-40.947561,21.521554
996.000000,1.450468,1.463087,-40.727383,21.448879
997.000000,1.450455,1.463075,-40.507996,21.376200
998.000000,1.450443,1.463063,-40.289397,21.303515
999.000000,1.450430,1.463051,-40.071580,21.230825
1000.000000,1.450417,1.463039,-39.854542,21.158128
1001.000000,1.450405,1.463027,-39.638278,21.085425
1002.000000,1.450392,1.463015,-39.422786,21.012716
1003.000000,1.450380,1.463003,-39.208060,20.939998
1004.000000,1.450367,1.462992,-38.994096,20.867274
1005.000000,1.450354,1.462980,-38.780892,20.794541
1006.000000,1.450342,1.462968,-38.568442,20.721800
1007.000000,1.450329,1.462957,-38.356743,20.649051
1008.000000,1.450317,1.462945,-38.145791,20.576292
1009.000000,1.450304,1.462934,-37.935582,20.503524
1010.000000,1.450292,1.462923,-37.726112,20.430746
1011.000000,1.450279,1.462911,-37.517378,20.357958
1012.000000,1.450267,1.462900,-37.309375,20.285160
1013.000000,1.450254,1.462889,-37.102100,20.212350
1014.000000,1.450242,1.462878,-36.895549,20.139529
1015.000000,1.450229,1.462867,-36.689719,20.066697
1016.000000,1.450217,1.462856,-36.484605,19.993853
1017.000000,1.450205,1.462845,-36.280204,19.920996
1018.000000,1.450192,1.462834,-36.076512,19.848127
1019.000000,1.450180,1.462823,-35.873526,19.775245
1020.000000,1.450167,1.462813,-35.671243,19.702349
1021.000000,1.450155,1.462802,-35.469657,19.629440
1022.000000,1.450142,1.462791,-35.268766,19.556516
1023.000000,1.450130,1.462781,-35.068567,19.483578
1024.000000,1.450118,1.462770,-34.869055,19.410625
1025.000000,1.450105,1.462760,-34.670228,19.337657
1026.000000,1.450093,1.462750,-34.472082,19.264674
1027.000000,1.450081,1.462739,-34.274612,19.191675
1028.000000,1.450068,1.462729,-34.077817,19.118659
1029.000000,1.450056,1.462719,-33.881692,19.045627
1030.000000,1.450044,1.462709,-33.686234,18.972578
1031.000000,1.450032,1.462699,-33.491440,18.899512
1032.000000,1.450019,1.462689,-33.297306,18.826428
1033.000000,1.450007,1.462679,-33.103829,18.753326
1034.000000,1.449995,1.462669,-32.911006,18.680206
1035.000000,1.449982,1.462659,-32.718833,18.607067
1036.000000,1.449970,1.462649,-32.527306,18.533910
1037.000000,1.449958,1.462639,-32.336424,18.460733
1038.000000,1.449946,1.462630,-32.146182,18.387536
1039.000000,1.449934,1.462620,-31.956577,18.314319
1040.000000,1.449921,1.462611,-31.767607,18.241083
1041.000000,1.449909,1.462601,-31.579267,18.167825
1042.000000,1.449897,1.462592,-31.391555,18.094546
1043.000000,1.449885,1.462582,-31.204468,18.021246
1044.000000,1.449873,1.462573,-31.018002,17.947925
1045.000000,1.449860,1.462564,-30.832154,17.874581
1046.000000,1.449848,1.462555,-30.646922,17.801215
1047.000000,1.449836,1.462545,-30.462301,17.727827
1048.000000,1.449824,1.462536,-30.278290,17.654415
1049.000000,1.449812,1.462527,-30.094885,17.580980
1050.000000,1.449800,1.462518,-29.912082,17.507522
1051.000000,1.449788,1.462509,-29.729880,17.434039
1052.000000,1.449776,1.462500,-29.548275,17.360532
1053.000000,1.449763,1.462492,-29.367263,17.287001
1054.000000,1.449751,1.462483,-29.186843,17.213444
1055.000000,1.449739,1.462474,-29.007011,17.139862
1056.000000,1.449727,1.462465,-28.827764,17.066255
1057.000000,1.449715,1.462457,-28.649100,16.992621
1058.000000,1.449703,1.462448,-28.471015,16.918962
1059.000000,1.449691,1.462440,-28.293506,16.845275
1060.000000,1.449679,1.462431,-28.116571,16.771562
1061.000000,1.449667,1.462423,-27.940207,16.697822
1062.000000,1.449655,1.462414,-27.764412,16.624054
1063.000000,1.449643,1.462406,-27.589181,16.550258
1064.000000,1.449631,1.462398,-27.414513,16.476434
1065.000000,1.449619,1.462390,-27.240404,16.402581
1066.000000,1.449607,1.462382,-27.066853,16.328700
1067.000000,1.449595,1.462374,-26.893855,16.254789
1068.000000,1.449583,1.462365,-26.721410,16.180849
1069.000000,1.449571,1.462358,-26.549513,16.106879
1070.000000,1.449559,1.462350,-26.378162,16.032879
1071.000000,1.449547,1.462342,-26.207354,15.958848
1072.000000,1.449535,1.462334,-26.037087,15.884787
1073.000000,1.449523,1.462326,-25.867358,15.810695
1074.000000,1.449511,1.462318,-25.698165,15.736571
1075.000000,1.449499,1.462311,-25.529505,15.662416
1076.000000,1.449488,1.462303,-25.361374,15.588228
1077.000000,1.449476,1.462295,-25.193772,15.514009
1078.000000,1.449464,1.462288,-25.026695,15.439756
1079.000000,1.449452,1.462280,-24.860140,15.365471
1080.000000,1.449440,1.462273,-24.694105,15.291153
1081.000000,1.449428,1.462266,-24.528587,15.216801
1082.000000,1.449416,1.462258,-24.363585,15.142415
1083.000000,1.449404,1.462251,-24.199095,15.067995
1084.000000,1.449392,1.462244,-24.035115,14.993540
1085.000000,1.449381,1.462237,-23.871642,14.919051
1086.000000,1.449369,1.462229,-23.708675,14.844527
1087.000000,1.449357,1.462222,-23.546210,14.769967
1088.000000,1.449345,1.462215,-23.384245,14.695372
1089.000000,1.449333,1.462208,-23.222778,14.620740
1090.000000,1.449321,1.462201,-23.061807,14.546073
1091.000000,1.449310,1.462195,-22.901328,14.471368
1092.000000,1.449298,1.462188,-22.741340,14.396627
1093.000000,1.449286,1.462181,-22.581840,14.321849
1094.000000,1.449274,1.462174,-22.422826,14.247033
1095.000000,1.449262,1.462167,-22.264296,14.172179
1096.000000,1.449251,1.462161,-22.106247,14.097287
1097.000000,1.449239,1.462154,-21.948677,14.022357
1098.000000,1.449227,1.462148,-21.791583,13.947388
1099.000000,1.449215,1.462141,-21.634964,13.872380
1100.000000,1.449204,1.462135,-21.478817,13.797333
1101.000000,1.449192,1.462128,-21.323139,13.722246
1102.000000,1.449180,1.462122,-21.167929,13.647120
1103.000000,1.449168,1.462116,-21.013185,13.571953
1104.000000,1.449157,1.462109,-20.858904,13.496745
1105.000000,1.449145,1.462103,-20.705083,13.421497
1106.000000,1.449133,1.462097,-20.551722,13.346208
1107.000000,1.449121,1.462091,-20.398816,13.270877
1108.000000,1.449110,1.462085,-20.246366,13.195505
1109.000000,1.449098,1.462079,-20.094367,13.120091
1110.000000,1.449086,1.462073,-19.942818,13.044635
1111.000000,1.449075,1.462067,-19.791718,12.969136
1112.000000,1.449063,1.462061,-19.641063,12.893594
1113.000000,1.449051,1.462055,-19.490852,12.818009
1114.000000,1.449040,1.462049,-19.341082,12.742381
1115.000000,1.449028,1.462043,-19.191752,12.666709
1116.000000,1.449016,1.462038,-19.042859,12.590993
1117.000000,1.449005,1.462032,-18.894402,12.515233
1118.000000,1.448993,1.462026,-18.746378,12.439428
1119.000000,1.448981,1.462021,-18.598785,12.363578
1120.000000,1.448970,1.462015,-18.451622,12.287683
1121.000000,1.448958,1.462010,-18.304885,12.211743
1122.000000,1.448946,1.462004,-18.158574,12.135757
1123.000000,1.448935,1.461999,-18.012686,12.059725
1124.000000,1.448923,1.461993,-17.867219,11.983647
1125.000000,1.448911,1.461988,-17.722172,11.907523
1126.000000,1.448900,1.461983,-17.577541,11.831351
1127.000000,1.448888,1.461977,-17.433326,11.755132
1128.000000,1.448877,1.461972,-17.289525,11.678866
1129.000000,1.448865,1.461967,-17.146134,11.602552
1130.000000,1.448853,1.461962,-17.003154,11.526191
1131.000000,1.448842,1.461957,-16.860581,11.449781
1132.000000,1.448830,1.461952,-16.718413,11.373322
1133.000000,1.448819,1.461947,-16.576649,11.296815
1134.000000,1.448807,1.461942,-16.435288,11.220258
1135.000000,1.448795,1.461937,-16.294326,11.143652
1136.000000,1.448784,1.461932,-16.153762,11.066997
1137.000000,1.448772,1.461927,-16.013595,10.990291
1138.000000,1.448761,1.461923,-15.873822,10.913535
1139.000000,1.448749,1.461918,-15.734442,10.836729
1140.000000,1.448738,1.461913,-15.595453,10.759872
1141.000000,1.448726,1.461908,-15.456852,10.682964
1142.000000,1.448714,1.461904,-15.318639,10.606005
1143.000000,1.448703,1.461899,-15.180811,10.528994
1144.000000,1.448691,1.461895,-15.043367,10.451931
1145.000000,1.448680,1.461890,-14.906305,10.374816
1146.000000,1.448668,1.461886,-14.769623,10.297649
1147.000000,1.448657,1.461881,-14.633319,10.220428
1148.000000,1.448645,1.461877,-14.497391,10.143155
1149.000000,1.448634,1.461873,-14.361839,10.065829
1150.000000,1.448622,1.461868,-14.226660,9.988449
1151.000000,1.448611,1.461864,-14.091852,9.911015
1152.000000,1.448599,1.461860,-13.957413,9.833527
1153.000000,1.448588,1.461856,-13.823343,9.755985
1154.000000,1.448576,1.461852,-13.689639,9.678388
1155.000000,1.448565,1.461848,-13.556300,9.600737
1156.000000,1.448553,1.461844,-13.423323,9.523030
1157.000000,1.448542,1.461840,-13.290708,9.445268
1158.000000,1.448530,1.461836,-13.158452,9.367450
1159.000000,1.448519,1.461832,-13.026555,9.289576
1160.000000,1.448507,1.461828,-12.895014,9.211645
1161.000000,1.448496,1.461824,-12.763827,9.133659
1162.000000,1.448484,1.461820,-12.632993,9.055615
1163.000000,1.448473,1.461816,-12.502511,8.977515
1164.000000,1.448461,1.461813,-12.372379,8.899357
1165.000000,1.448450,1.461809,-12.242595,8.821141
1166.000000,1.448438,1.461805,-12.113158,8.742868
1167.000000,1.448427,1.461802,-11.984066,8.664536
1168.000000,1.448415,1.461798,-11.855317,8.586146
1169.000000,1.448404,1.461795,-11.726910,8.507698
1170.000000,1.448393,1.461791,-11.598844,8.429190
1171.000000,1.448381,1.461788,-11.471117,8.350624
1172.000000,1.448370,1.461784,-11.343726,8.271998
1173.000000,1.448358,1.461781,-11.216672,8.193312
1174.000000,1.448347,1.461777,-11.089952,8.114566
1175.000000,1.448335,1.461774,-10.963565,8.035760
1176.000000,1.448324,1.461771,-10.837509,7.956893
1177.000000,1.448312,1.461768,-10.711782,7.877966
1178.000000,1.448301,1.461764,-10.586384,7.798977
1179.000000,1.448290,1.461761,-10.461313,7.719928
1180.000000,1.448278,1.461758,-10.336567,7.640816
1181.000000,1.448267,1.461755,-10.212144,7.561643
1182.000000,1.448255,1.461752,-10.088045,7.482408
1183.000000,1.448244,1.461749,-9.964266,7.403110
1184.000000,1.448232,1.461746,-9.840806,7.323750
1185.000000,1.448221,1.461743,-9.717665,7.244327
1186.000000,1.448210,1.461740,-9.594840,7.164841
1187.000000,1.448198,1.461737,-9.472330,7.085291
1188.000000,1.448187,1.461735,-9.350134,7.005678
1189.000000,1.448175,1.461732,-9.228250,6.926000
1190.000000,1.448164,1.461729,-9.106678,6.846259
1191.000000,1.448153,1.461726,-8.985414,6.766453
1192.000000,1.448141,1.461724,-8.864459,6.686582
1193.000000,1.448130,1.461721,-8.743811,6.606647
1194.000000,1.448118,1.461718,-8.623468,6.526646
1195.000000,1.448107,1.461716,-8.503429,6.446580
1196.000000,1.448096,1.461713,-8.383693,6.366448
1197.000000,1.448084,1.461711,-8.264258,6.286250
1198.000000,1.448073,1.461708,-8.145124,6.205985
1199.000000,1.448062,1.461706,-8.026287,6.125655
1200.000000,1.448050,1.461704,-7.907748,6.045257
1201.000000,1.448039,1.461701,-7.789506,5.964792
1202.000000,1.448027,1.461699,-7.671557,5.884261
1203.000000,1.448016,1.461697,-7.553902,5.803661
1204.000000,1.448005,1.461694,-7.436539,5.722994
1205.000000,1.447993,1.461692,-7.319467,5.642259
1206.000000,1.447982,1.461690,-7.202684,5.561455
1207.000000,1.447971,1.461688,-7.086190,5.480583
1208.000000,1.447959,1.461686,-6.969982,5.399642
1209.000000,1.447948,1.461684,-6.854060,5.318632
1210.000000,1.447936,1.461682,-6.738422,5.237553
1211.000000,1.447925,1.461680,-6.623068,5.156404
1212.000000,1.447914,1.461678,-6.507995,5.075185
1213.000000,1.447902,1.461676,-6.393203,4.993896
1214.000000,1.447891,1.461674,-6.278690,4.912537
1215.000000,1.447880,1.461672,-6.164455,4.831107
1216.000000,1.447868,1.461670,-6.050497,4.749607
1217.000000,1.447857,1.461668,-5.936815,4.668035
1218.000000,1.447846,1.461667,-5.823407,4.586392
1219.000000,1.447834,1.461665,-5.710272,4.504677
1220.000000,1.447823,1.461663,-5.597410,4.422890
1221.000000,1.447812,1.461661,-5.484818,4.341032
1222.000000,1.447800,1.461660,-5.372496,4.259101
1223.000000,1.447789,1.461658,-5.260442,4.177097
1224.000000,1.447778,1.461657,-5.148656,4.095021
1225.000000,1.447766,1.461655,-5.037135,4.012871
1226.000000,1.447755,1.461654,-4.925880,3.930648
1227.000000,1.447744,1.461652,-4.814888,3.848352
1228.000000,1.447732,1.461651,-4.704159,3.765981
1229.000000,1.447721,1.461649,-4.593691,3.683536
1230.000000,1.447710,1.461648,-4.483484,3.601018
1231.000000,1.447698,1.461647,-4.373535,3.518424
1232.000000,1.447687,1.461645,-4.263845,3.435756
1233.000000,1.447676,1.461644,-4.154412,3.353012
1234.000000,1.447664,1.461643,-4.045234,3.270193
1235.000000,1.447653,1.461642,-3.936311,3.187299
1236.000000,1.447642,1.461641,-3.827642,3.104328
1237.000000,1.447630,1.461639,-3.719225,3.021282
1238.000000,1.447619,1.461638,-3.611059,2.938159
1239.000000,1.447608,1.461637,-3.503144,2.854960
1240.000000,1.447596,1.461636,-3.395477,2.771683
1241.000000,1.447585,1.461635,-3.288059,2.688330
1242.000000,1.447574,1.461634,-3.180888,2.604899
1243.000000,1.447562,1.461633,-3.073962,2.521391
1244.000000,1.447551,1.461632,-2.967281,2.437805
1245.000000,1.447540,1.461632,-2.860845,2.354141
1246.000000,1.447528,1.461631,-2.754650,2.270398
1247.000000,1.447517,1.461630,-2.648698,2.186577
1248.000000,1.447506,1.461629,-2.542986,2.102677
1249.000000,1.447494,1.461628,-2.437513,2.018698
1250.000000,1.447483,1.461628,-2.332279,1.934639
1251.000000,1.447472,1.461627,-2.227283,1.850501
1252.000000,1.447460,1.461626,-2.122523,1.766284
1253.000000,1.447449,1.461626,-2.017998,1.681986
1254.000000,1.447438,1.461625,-1.913708,1.597608
1255.000000,1.447427,1.461625,-1.809651,1.513149
1256.000000,1.447415,1.461624,-1.705827,1.428610
1257.000000,1.447404,1.461623,-1.602234,1.343989
1258.000000,1.447393,1.461623,-1.498871,1.259288
1259.000000,1.447381,1.461623,-1.395737,1.174504
1260.000000,1.447370,1.461622,-1.292832,1.089639
1261.000000,1.447359,1.461622,-1.190155,1.004692
1262.000000,1.447347,1.461621,-1.087704,0.919663
1263.000000,1.447336,1.461621,-0.985478,0.834551
1264.000000,1.447325,1.461621,-0.883477,0.749357
1265.000000,1.447313,1.461621,-0.781699,0.664079
1266.000000,1.447302,1.461620,-0.680143,0.578718
1267.000000,1.447291,1.461620,-0.578810,0.493274
1268.000000,1.447280,1.461620,-0.477697,0.407746
1269.000000,1.447268,1.461620,-0.376803,0.322134
1270.000000,1.447257,1.461620,-0.276128,0.236438
1271.000000,1.447246,1.461620,-0.175672,0.150658
1272.000000,1.447234,1.461620,-0.075431,0.064793
1273.000000,1.447223,1.461620,0.024593,-0.021157
1274.000000,1.447212,1.461620,0.124402,-0.107193
1275.000000,1.447200,1.461620,0.223997,-0.193313
1276.000000,1.447189,1.461620,0.323379,-0.279520
1277.000000,1.447178,1.461620,0.422549,-0.365812
1278.000000,1.447166,1.461620,0.521507,-0.452190
1279.000000,1.447155,1.461620,0.620255,-0.538655
1280.000000,1.447144,1.461621,0.718793,-0.625206
1281.000000,1.447132,1.461621,0.817123,-0.711845
1282.000000,1.447121,1.461621,0.915245,-0.798570
1283.000000,1.447110,1.461621,1.013160,-0.885383
1284.000000,1.447099,1.461622,1.110870,-0.972283
1285.000000,1.447087,1.461622,1.208374,-1.059271
1286.000000,1.447076,1.461622,1.305674,-1.146347
1287.000000,1.447065,1.461623,1.402770,-1.233511
1288.000000,1.447053,1.461623,1.499665,-1.320764
1289.000000,1.447042,1.461624,1.596357,-1.408106
1290.000000,1.447031,1.461624,1.692849,-1.495537
1291.000000,1.447019,1.461625,1.789141,-1.583057
1292.000000,1.447008,1.461625,1.885234,-1.670666
1293.000000,1.446997,1.461626,1.981128,-1.758365
1294.000000,1.446985,1.461626,2.076826,-1.846155
1295.000000,1.446974,1.461627,2.172327,-1.934034
1296.000000,1.446963,1.461628,2.267632,-2.022004
1297.000000,1.446951,1.461628,2.362742,-2.110064
1298.000000,1.446940,1.461629,2.457658,-2.198216
1299.000000,1.446929,1.461630,2.552382,-2.286459
1300.000000,1.446918,1.461631,2.646912,-2.374793
1301.000000,1.446906,1.461631,2.741252,-2.463218
1302.000000,1.446895,1.461632,2.835400,-2.551736
1303.000000,1.446884,1.461633,2.929359,-2.640346
1304.000000,1.446872,1.461634,3.023128,-2.729048
1305.000000,1.446861,1.461635,3.116709,-2.817843
1306.000000,1.446850,1.461636,3.210103,-2.906730
1307.000000,1.446838,1.461637,3.303309,-2.995711
1308.000000,1.446827,1.461638,3.396330,-3.084785
1309.000000,1.446816,1.461639,3.489166,-3.173952
1310.000000,1.446804,1.461640,3.581818,-3.263213
1311.000000,1.446793,1.461641,3.674285,-3.352569
1312.000000,1.446782,1.461642,3.766570,-3.442018
1313.000000,1.446770,1.461643,3.858673,-3.531562
1314.000000,1.446759,1.461645,3.950595,-3.621201
1315.000000,1.446748,1.461646,4.042336,-3.710935
1316.000000,1.446736,1.461647,4.133897,-3.800764
1317.000000,1.446725,1.461648,4.225280,-3.890689
1318.000000,1.446714,1.461649,4.316484,-3.980709
1319.000000,1.446702,1.461651,4.407511,-4.070825
1320.000000,1.446691,1.461652,4.498361,-4.161037
1321.000000,1.446680,1.461653,4.589035,-4.251346
1322.000000,1.446668,1.461655,4.679534,-4.341751
1323.000000,1.446657,1.461656,4.769858,-4.432253
1324.000000,1.446646,1.461658,4.860008,-4.522852
1325.000000,1.446634,1.461659,4.949986,-4.613549
1326.000000,1.446623,1.461661,5.039791,-4.704343
1327.000000,1.446612,1.461662,5.129425,-4.795235
1328.000000,1.446600,1.461664,5.218887,-4.886225
1329.000000,1.446589,1.461665,5.308180,-4.977314
1330.000000,1.446578,1.461667,5.397303,-5.068501
1331.000000,1.446566,1.461669,5.486257,-5.159786
1332.000000,1.446555,1.461670,5.575044,-5.251171
1333.000000,1.446544,1.461672,5.663663,-5.342655
1334.000000,1.446532,1.461674,5.752115,-5.434238
1335.000000,1.446521,1.461675,5.840402,-5.525921
1336.000000,1.446510,1.461677,5.928523,-5.617704
1337.000000,1.446498,1.461679,6.016480,-5.709588
1338.000000,1.446487,1.461681,6.104273,-5.801571
1339.000000,1.446475,1.461683,6.191903,-5.893655
1340.000000,1.446464,1.461684,6.279371,-5.985841
1341.000000,1.446453,1.461686,6.366676,-6.078127
1342.000000,1.446441,1.461688,6.453821,-6.170515
1343.000000,1.446430,1.461690,6.540805,-6.263004
1344.000000,1.446419,1.461692,6.627630,-6.355595
1345.000000,1.446407,1.461694,6.714295,-6.448288
1346.000000,1.446396,1.461696,6.800802,-6.541083
1347.000000,1.446385,1.461698,6.887151,-6.633981
1348.000000,1.446373,1.461700,6.973343,-6.726982
1349.000000,1.446362,1.461702,7.059379,-6.820086
1350.000000,1.446350,1.461705,7.145259,-6.913293
1351.000000,1.446339,1.461707,7.230984,-7.006603
1352.000000,1.446328,1.461709,7.316554,-7.100017
1353.000000,1.446316,1.461711,7.401970,-7.193535
1354.000000,1.446305,1.461713,7.487234,-7.287157
1355.000000,1.446294,1.461716,7.572345,-7.380884
1356.000000,1.446282,1.461718,7.657303,-7.474715
1357.000000,1.446271,1.461720,7.742111,-7.568652
1358.000000,1.446259,1.461723,7.826768,-7.662693
1359.000000,1.446248,1.461725,7.911275,-7.756839
1360.000000,1.446237,1.461727,7.995632,-7.851092
1361.000000,1.446225,1.461730,8.079841,-7.945450
1362.000000,1.446214,1.461732,8.163901,-8.039914
1363.000000,1.446202,1.461735,8.247814,-8.134484
1364.000000,1.446191,1.461737,8.331581,-8.229161
1365.000000,1.446180,1.461740,8.415200,-8.323945
1366.000000,1.446168,1.461742,8.498674,-8.418835
1367.000000,1.446157,1.461745,8.582003,-8.513833
1368.000000,1.446145,1.461747,8.665188,-8.608939
1369.000000,1.446134,1.461750,8.748229,-8.704152
1370.000000,1.446123,1.461753,8.831126,-8.799473
1371.000000,1.446111,1.461755,8.913881,-8.894902
1372.000000,1.446100,1.461758,8.996493,-8.990439
1373.000000,1.446088,1.461761,9.078964,-9.086085
1374.000000,1.446077,1.461763,9.161295,-9.181840
1375.000000,1.446066,1.461766,9.243484,-9.277705
1376.000000,1.446054,1.461769,9.325535,-9.373678
1377.000000,1.446043,1.461772,9.407446,-9.469761
1378.000000,1.446031,1.461774,9.489218,-9.565954
1379.000000,1.446020,1.461777,9.570852,-9.662257
1380.000000,1.446008,1.461780,9.652349,-9.758670
1381.000000,1.445997,1.461783,9.733709,-9.855193
1382.000000,1.445986,1.461786,9.814933,-9.951828
1383.000000,1.445974,1.461789,9.896021,-10.048573
1384.000000,1.445963,1.461792,9.976974,-10.145430
1385.000000,1.445951,1.461795,10.057792,-10.242398
1386.000000,1.445940,1.461798,10.138476,-10.339477
1387.000000,1.445928,1.461801,10.219027,-10.436669
1388.000000,1.445917,1.461804,10.299445,-10.533973
1389.000000,1.445906,1.461807,10.379731,-10.631389
1390.000000,1.445894,1.461810,10.459884,-10.728917
1391.000000,1.445883,1.461814,10.539906,-10.826559
1392.000000,1.445871,1.461817,10.619798,-10.924314
1393.000000,1.445860,1.461820,10.699560,-11.022182
1394.000000,1.445848,1.461823,10.779191,-11.120163
1395.000000,1.445837,1.461826,10.858694,-11.218258
1396.000000,1.445825,1.461830,10.938068,-11.316468
1397.000000,1.445814,1.461833,11.017314,-11.414791
1398.000000,1.445802,1.461836,11.096432,-11.513229
1399.000000,1.445791,1.461840,11.175424,-11.611782
1400.000000,1.445779,1.461843,11.254289,-11.710449
1401.000000,1.445768,1.461846,11.333028,-11.809232
1402.000000,1.445756,1.461850,11.411642,-11.908131
1403.000000,1.445745,1.461853,11.490131,-12.007144
1404.000000,1.445734,1.461857,11.568495,-12.106274
1405.000000,1.445722,1.461860,11.646736,-12.205520
1406.000000,1.445711,1.461864,11.724853,-12.304882
1407.000000,1.445699,1.461867,11.802847,-12.404361
1408.000000,1.445688,1.461871,11.880719,-12.503957
1409.000000,1.445676,1.461874,11.958470,-12.603670
1410.000000,1.445665,1.461878,12.036098,-12.703500
1411.000000,1.445653,1.461881,12.113607,-12.803447
1412.000000,1.445642,1.461885,12.190994,-12.903513
1413.000000,1.445630,1.461889,12.268262,-13.003696
1414.000000,1.445619,1.461892,12.345411,-13.103998
1415.000000,1.445607,1.461896,12.422441,-13.204418
1416.000000,1.445596,1.461900,12.499353,-13.304956
1417.000000,1.445584,1.461904,12.576146,-13.405614
1418.000000,1.445573,1.461907,12.652823,-13.506391
1419.000000,1.445561,1.461911,12.729382,-13.607287
1420.000000,1.445549,1.461915,12.805825,-13.708303
1421.000000,1.445538,1.461919,12.882152,-13.809438
1422.000000,1.445526,1.461923,12.958364,-13.910694
1423.000000,1.445515,1.461927,13.034461,-14.012070
1424.000000,1.445503,1.461931,13.110443,-14.113567
1425.000000,1.445492,1.461935,13.186312,-14.215185
1426.000000,1.445480,1.461939,13.262067,-14.316923
1427.000000,1.445469,1.461943,13.337709,-14.418783
1428.000000,1.445457,1.461947,13.413238,-14.520764
1429.000000,1.445446,1.461951,13.488655,-14.622867
1430.000000,1.445434,1.461955,13.563961,-14.725092
1431.000000,1.445423,1.461959,13.639155,-14.827440
1432.000000,1.445411,1.461963,13.714239,-14.929909
1433.000000,1.445399,1.461967,13.789212,-15.032502
1434.000000,1.445388,1.461971,13.864076,-15.135217
1435.000000,1.445376,1.461975,13.938830,-15.238055
1436.000000,1.445365,1.461979,14.013475,-15.341017
1437.000000,1.445353,1.461984,14.088012,-15.444103
1438.000000,1.445342,1.461988,14.162441,-15.547312
1439.000000,1.445330,1.461992,14.236762,-15.650645
1440.000000,1.445318,1.461996,14.310976,-15.754103
1441.000000,1.445307,1.462001,14.385084,-15.857685
1442.000000,1.445295,1.462005,14.459085,-15.961392
1443.000000,1.445284,1.462009,14.532981,-16.065224
1444.000000,1.445272,1.462014,14.606771,-16.169182
1445.000000,1.445260,1.462018,14.680457,-16.273265
1446.000000,1.445249,1.462023,14.754038,-16.377473
1447.000000,1.445237,1.462027,14.827514,-16.481808
1448.000000,1.445226,1.462031,14.900888,-16.586269
1449.000000,1.445214,1.462036,14.974158,-16.690856
1450.000000,1.445202,1.462040,15.047325,-16.795570
1451.000000,1.445191,1.462045,15.120390,-16.900410
1452.000000,1.445179,1.462049,15.193353,-17.005378
1453.000000,1.445168,1.462054,15.266215,-17.110474
1454.000000,1.445156,1.462059,15.338976,-17.215697
1455.000000,1.445144,1.462063,15.411636,-17.321048
1456.000000,1.445133,1.462068,15.484196,-17.426526
1457.000000,1.445121,1.462073,15.556656,-17.532134
1458.000000,1.445109,1.462077,15.629016,-17.637869
1459.000000,1.445098,1.462082,15.701278,-17.743734
1460.000000,1.445086,1.462087,15.773441,-17.849728
1461.000000,1.445075,1.462091,15.845506,-17.955850
1462.000000,1.445063,1.462096,15.917474,-18.062103
1463.000000,1.445051,1.462101,15.989343,-18.168485
1464.000000,1.445040,1.462106,16.061117,-18.274997
1465.000000,1.445028,1.462111,16.132793,-18.381639
1466.000000,1.445016,1.462115,16.204373,-18.488412
1467.000000,1.445005,1.462120,16.275858,-18.595316
1468.000000,1.444993,1.462125,16.347248,-18.702350
1469.000000,1.444981,1.462130,16.418542,-18.809515
1470.000000,1.444970,1.462135,16.489742,-18.916812
1471.000000,1.444958,1.462140,16.560848,-19.024241
1472.000000,1.444946,1.462145,16.631860,-19.131801
1473.000000,1.444934,1.462150,16.702778,-19.239494
1474.000000,1.444923,1.462155,16.773604,-19.347319
1475.000000,1.444911,1.462160,16.844337,-19.455276
1476.000000,1.444899,1.462165,16.914978,-19.563366
1477.000000,1.444888,1.462170,16.985527,-19.671590
1478.000000,1.444876,1.462175,17.055985,-19.779946
1479.000000,1.444864,1.462180,17.126352,-19.888436
1480.000000,1.444853,1.462185,17.196628,-19.997060
1481.000000,1.444841,1.462191,17.266814,-20.105818
1482.000000,1.444829,1.462196,17.336910,-20.214710
1483.000000,1.444817,1.462201,17.406916,-20.323737
1484.000000,1.444806,1.462206,17.476833,-20.432898
1485.000000,1.444794,1.462212,17.546662,-20.542194
1486.000000,1.444782,1.462217,17.616402,-20.651626
1487.000000,1.444771,1.462222,17.686054,-20.761193
1488.000000,1.444759,1.462227,17.755618,-20.870895
1489.000000,1.444747,1.462233,17.825095,-20.980734
1490.000000,1.444735,1.462238,17.894485,-21.090708
1491.000000,1.444724,1.462243,17.963788,-21.200819
1492.000000,1.444712,1.462249,18.033006,-21.311067
1493.000000,1.444700,1.462254,18.102137,-21.421451
1494.000000,1.444688,1.462260,18.171183,-21.531973
1495.000000,1.444677,1.462265,18.240144,-21.642632
1496.000000,1.444665,1.462271,18.309020,-21.753428
1497.000000,1.444653,1.462276,18.377811,-21.864362
1498.000000,1.444641,1.462282,18.446519,-21.975434
1499.000000,1.444629,1.462287,18.515142,-22.086645
1500.000000,1.444618,1.462293,18.583683,-22.197994
1501.000000,1.444606,1.462298,18.652140,-22.309482
1502.000000,1.444594,1.462304,18.720515,-22.421109
1503.000000,1.444582,1.462310,18.788807,-22.532875
1504.000000,1.444570,1.462315,18.857018,-22.644780
1505.000000,1.444559,1.462321,18.925147,-22.756826
1506.000000,1.444547,1.462327,18.993194,-22.869011
1507.000000,1.444535,1.462332,19.061161,-22.981336
1508.000000,1.444523,1.462338,19.129047,-23.093802
1509.000000,1.444511,1.462344,19.196852,-23.206409
1510.000000,1.444500,1.462349,19.264578,-23.319156
1511.000000,1.444488,1.462355,19.332224,-23.432045
1512.000000,1.444476,1.462361,19.399791,-23.545075
1513.000000,1.444464,1.462367,19.467279,-23.658246
1514.000000,1.444452,1.462373,19.534689,-23.771560
1515.000000,1.444440,1.462379,19.602020,-23.885015
1516.000000,1.444429,1.462384,19.669273,-23.998613
1517.000000,1.444417,1.462390,19.736449,-24.112354
1518.000000,1.444405,1.462396,19.803547,-24.226237
1519.000000,1.444393,1.462402,19.870569,-24.340264
1520.000000,1.444381,1.462408,19.937514,-24.454433
1521.000000,1.444369,1.462414,20.004382,-24.568747
1522.000000,1.444358,1.462420,20.071175,-24.683204
1523.000000,1.444346,1.462426,20.137892,-24.797805
1524.000000,1.444334,1.462432,20.204534,-24.912551
1525.000000,1.444322,1.462438,20.271100,-25.027440
1526.000000,1.444310,1.462444,20.337592,-25.142475
1527.000000,1.444298,1.462451,20.404010,-25.257655
1528.000000,1.444286,1.462457,20.470353,-25.372980
1529.000000,1.444274,1.462463,20.536623,-25.488450
1530.000000,1.444262,1.462469,20.602819,-25.604067
1531.000000,1.444251,1.462475,20.668943,-25.719829
1532.000000,1.444239,1.462481,20.734993,-25.835737
1533.000000,1.444227,1.462488,20.800971,-25.951792
1534.000000,1.444215,1.462494,20.866877,-26.067993
1535.000000,1.444203,1.462500,20.932711,-26.184342
1536.000000,1.444191,1.462506,20.998473,-26.300838
1537.000000,1.444179,1.462513,21.064164,-26.417481
1538.000000,1.444167,1.462519,21.129784,-26.534271
1539.000000,1.444155,1.462525,21.195334,-26.651210
1540.000000,1.444143,1.462532,21.260813,-26.768297
1541.000000,1.444131,1.462538,21.326222,-26.885532
1542.000000,1.444119,1.462545,21.391561,-27.002916
1543.000000,1.444107,1.462551,21.456831,-27.120448
1544.000000,1.444095,1.462557,21.522032,-27.238130
1545.000000,1.444083,1.462564,21.587164,-27.355961
1546.000000,1.444072,1.462570,21.652227,-27.473942
1547.000000,1.444060,1.462577,21.717222,-27.592073
1548.000000,1.444048,1.462583,21.782149,-27.710353
1549.000000,1.444036,1.462590,21.847008,-27.828784
1550.000000,1.444024,1.462596,21.911800,-27.947366
1551.000000,1.444012,1.462603,21.976525,-28.066099
1552.000000,1.444000,1.462610,22.041183,-28.184982
1553.000000,1.443988,1.462616,22.105775,-28.304017
1554.000000,1.443976,1.462623,22.170300,-28.423203
1555.000000,1.443964,1.462630,22.234759,-28.542542
1556.000000,1.443952,1.462636,22.299153,-28.662032
1557.000000,1.443940,1.462643,22.363481,-28.781674
1558.000000,1.443928,1.462650,22.427744,-28.901470
1559.000000,1.443916,1.462656,22.491942,-29.021417
1560.000000,1.443904,1.462663,22.556076,-29.141518
1561.000000,1.443892,1.462670,22.620145,-29.261772
1562.000000,1.443880,1.462677,22.684151,-29.382180
1563.000000,1.443867,1.462684,22.748093,-29.502742
1564.000000,1.443855,1.462690,22.811971,-29.623457
1565.000000,1.443843,1.462697,22.875786,-29.744327
1566.000000,1.443831,1.462704,22.939539,-29.865351
1567.000000,1.443819,1.462711,23.003228,-29.986530
1568.000000,1.443807,1.462718,23.066856,-30.107864
1569.000000,1.443795,1.462725,23.130421,-30.229353
1570.000000,1.443783,1.462732,23.193925,-30.350998
1571.000000,1.443771,1.462739,23.257367,-30.472798
1572.000000,1.443759,1.462746,23.320747,-30.594755
1573.000000,1.443747,1.462753,23.384067,-30.716867
1574.000000,1.443735,1.462760,23.447326,-30.839136
1575.000000,1.443723,1.462767,23.510525,-30.961562
1576.000000,1.443711,1.462774,23.573663,-31.084145
1577.000000,1.443699,1.462781,23.636741,-31.206885
1578.000000,1.443686,1.462788,23.699760,-31.329782
1579.000000,1.443674,1.462795,23.762720,-31.452837
1580.000000,1.443662,1.462802,23.825620,-31.576051
1581.000000,1.443650,1.462809,23.888461,-31.699422
1582.000000,1.443638,1.462817,23.951244,-31.822952
1583.000000,1.443626,1.462824,24.013968,-31.946640
1584.000000,1.443614,1.462831,24.076634,-32.070487
1585.000000,1.443602,1.462838,24.139243,-32.194494
1586.000000,1.443589,1.462845,24.201794,-32.318660
1587.000000,1.443577,1.462853,24.264287,-32.442986
1588.000000,1.443565,1.462860,24.326723,-32.567472
1589.000000,1.443553,1.462867,24.389103,-32.692117
1590.000000,1.443541,1.462875,24.451426,-32.816924
1591.000000,1.443529,1.462882,24.513693,-32.941891
1592.000000,1.443517,1.462889,24.575903,-33.067019
1593.000000,1.443504,1.462897,24.638058,-33.192308
1594.000000,1.443492,1.462904,24.700157,-33.317758
1595.000000,1.443480,1.462911,24.762201,-33.443371
1596.000000,1.443468,1.462919,24.824189,-33.569145
1597.000000,1.443456,1.462926,24.886123,-33.695081
1598.000000,1.443443,1.462934,24.948002,-33.821180
1599.000000,1.443431,1.462941,25.009827,-33.947442
1600.000000,1.443419,1.462949,25.071598,-34.073866
1601.000000,1.443407,1.462956,25.133315,-34.200454
1602.000000,1.443395,1.462964,25.194978,-34.327205
1603.000000,1.443382,1.462971,25.256588,-34.454120
1604.000000,1.443370,1.462979,25.318145,-34.581198
1605.000000,1.443358,1.462987,25.379649,-34.708441
1606.000000,1.443346,1.462994,25.441100,-34.835849
1607.000000,1.443333,1.463002,25.502499,-34.963421
1608.000000,1.443321,1.463010,25.563845,-35.091158
1609.000000,1.443309,1.463017,25.625140,-35.219060
1610.000000,1.443297,1.463025,25.686382,-35.347127
1611.000000,1.443284,1.463033,25.747574,-35.475361
1612.000000,1.443272,1.463040,25.808714,-35.603760
1613.000000,1.443260,1.463048,25.869803,-35.732326
1614.000000,1.443248,1.463056,25.930841,-35.861058
1615.000000,1.443235,1.463064,25.991829,-35.989956
1616.000000,1.443223,1.463071,26.052766,-36.119022
1617.000000,1.443211,1.463079,26.113653,-36.248255
1618.000000,1.443199,1.463087,26.174491,-36.377655
1619.000000,1.443186,1.463095,26.235278,-36.507223
1620.000000,1.443174,1.463103,26.296017,-36.636959
1621.000000,1.443162,1.463111,26.356706,-36.766864
1622.000000,1.443149,1.463119,26.417346,-36.896936
1623.000000,1.443137,1.463127,26.477937,-37.027178
1624.000000,1.443125,1.463134,26.538480,-37.157589
1625.000000,1.443112,1.463142,26.598974,-37.288168
1626.000000,1.443100,1.463150,26.659421,-37.418918
1627.000000,1.443088,1.463158,26.719819,-37.549837
1628.000000,1.443075,1.463166,26.780170,-37.680926
1629.000000,1.443063,1.463174,26.840474,-37.812185
1630.000000,1.443051,1.463183,26.900730,-37.943615
1631.000000,1.443038,1.463191,26.960939,-38.075216
1632.000000,1.443026,1.463199,27.021102,-38.206987
1633.000000,1.443014,1.463207,27.081218,-38.338930
1634.000000,1.443001,1.463215,27.141288,-38.471045
1635.000000,1.442989,1.463223,27.201311,-38.603331
1636.000000,1.442976,1.463231,27.261289,-38.735790
1637.000000,1.442964,1.463239,27.321221,-38.868420
1638.000000,1.442952,1.463248,27.381107,-39.001224
1639.000000,1.442939,1.463256,27.440949,-39.134200
1640.000000,1.442927,1.463264,27.500745,-39.267349
1641.000000,1.442915,1.463272,27.560496,-39.400672
1642.000000,1.442902,1.463281,27.620203,-39.534168
1643.000000,1.442890,1.463289,27.679865,-39.667838
1644.000000,1.442877,1.463297,27.739483,-39.801682
1645.000000,1.442865,1.463306,27.799058,-39.935700
1646.000000,1.442852,1.463314,27.858588,-40.069894
1647.000000,1.442840,1.463322,27.918075,-40.204262
1648.000000,1.442828,1.463331,27.977518,-40.338805
1649.000000,1.442815,1.463339,28.036918,-40.473523
1650.000000,1.442803,1.463347,28.096275,-40.608418
1651.000000,1.442790,1.463356,28.155590,-40.743488
1652.000000,1.442778,1.463364,28.214862,-40.878734
1653.000000,1.442765,1.463373,28.274091,-41.014157
1654.000000,1.442753,1.463381,28.333279,-41.149757
1655.000000,1.442740,1.463390,28.392424,-41.285533
1656.000000,1.442728,1.463398,28.451528,-41.421487
1657.000000,1.442715,1.463407,28.510590,-41.557618
1658.000000,1.442703,1.463415,28.569611,-41.693927
1659.000000,1.442690,1.463424,28.628590,-41.830414
1660.000000,1.442678,1.463433,28.687529,-41.967079
1661.000000,1.442665,1.463441,28.746427,-42.103923
1662.000000,1.442653,1.463450,28.805284,-42.240945
1663.000000,1.442640,1.463458,28.864101,-42.378147
1664.000000,1.442628,1.463467,28.922878,-42.515528
1665.000000,1.442615,1.463476,28.981615,-42.653088
1666.000000,1.442603,1.463484,29.040312,-42.790829
1667.000000,1.442590,1.463493,29.098969,-42.928749
1668.000000,1.442578,1.463502,29.157587,-43.066850
1669.000000,1.442565,1.463511,29.216166,-43.205131
1670.000000,1.442553,1.463519,29.274706,-43.343593
1671.000000,1.442540,1.463528,29.333207,-43.482237
1672.000000,1.442527,1.463537,29.391669,-43.621061
1673.000000,1.442515,1.463546,29.450093,-43.760068
1674.000000,1.442502,1.463555,29.508479,-43.899256
1675.000000,1.442490,1.463564,29.566827,-44.038627
1676.000000,1.442477,1.463572,29.625137,-44.178180
1677.000000,1.442465,1.463581,29.683409,-44.317915
1678.000000,1.442452,1.463590,29.741643,-44.457834
1679.000000,1.442439,1.463599,29.799841,-44.597936
1680.000000,1.442427,1.463608,29.858001,-44.738222
1681.000000,1.442414,1.463617,29.916124,-44.878691
1682.000000,1.442402,1.463626,29.974210,-45.019344
1683.000000,1.442389,1.463635,30.032260,-45.160182
1684.000000,1.442376,1.463644,30.090274,-45.301204
1685.000000,1.442364,1.463653,30.148251,-45.442411
1686.000000,1.442351,1.463662,30.206193,-45.583803
1687.000000,1.442338,1.463671,30.264098,-45.725380
1688.000000,1.442326,1.463680,30.321968,-45.867144
1689.000000,1.442313,1.463689,30.379802,-46.009093
1690.000000,1.442300,1.463698,30.437601,-46.151228
1691.000000,1.442288,1.463708,30.495365,-46.293549
1692.000000,1.442275,1.463717,30.553094,-46.436058
1693.000000,1.442262,1.463726,30.610788,-46.578753
1694.000000,1.442250,1.463735,30.668448,-46.721635
1695.000000,1.442237,1.463744,30.726073,-46.864705
1696.000000,1.442224,1.463754,30.783664,-47.007963
1697.000000,1.442212,1.463763,30.841221,-47.151409
1698.000000,1.442199,1.463772,30.898744,-47.295043
1699.000000,1.442186,1.463781,30.956233,-47.438866
1700.000000,1.442174,1.463791,31.013689,-47.582877
1701.000000,1.442161,1.463800,31.071111,-47.727078
1702.000000,1.442148,1.463809,31.128501,-47.871468
1703.000000,1.442135,1.463819,31.185857,-48.016047
1704.000000,1.442123,1.463828,31.243180,-48.160817
1705.000000,1.442110,1.463837,31.300471,-48.305777
1706.000000,1.442097,1.463847,31.357729,-48.450927
1707.000000,1.442084,1.463856,31.414955,-48.596268
1708.000000,1.442072,1.463866,31.472149,-48.741800
1709.000000,1.442059,1.463875,31.529311,-48.887523
1710.000000,1.442046,1.463884,31.586441,-49.033438
1711.000000,1.442033,1.463894,31.643539,-49.179544
1712.000000,1.442021,1.463903,31.700606,-49.325843
1713.000000,1.442008,1.463913,31.757641,-49.472333
1714.000000,1.441995,1.463922,31.814646,-49.619017
1715.000000,1.441982,1.463932,31.871619,-49.765893
1716.000000,1.441969,1.463942,31.928562,-49.912963
1717.000000,1.441957,1.463951,31.985474,-50.060226
1718.000000,1.441944,1.463961,32.042355,-50.207683
1719.000000,1.441931,1.463970,32.099206,-50.355333
1720.000000,1.441918,1.463980,32.156027,-50.503178
1721.000000,1.441905,1.463990,32.212818,-50.651218
1722.000000,1.441892,1.463999,32.269579,-50.799452
1723.000000,1.441880,1.464009,32.326311,-50.947881
1724.000000,1.441867,1.464019,32.383013,-51.096506
1725.000000,1.441854,1.464028,32.439685,-51.245326
1726.000000,1.441841,1.464038,32.496329,-51.394342
1727.000000,1.441828,1.464048,32.552943,-51.543554
1728.000000,1.441815,1.464058,32.609529,-51.692963
1729.000000,1.441802,1.464067,32.666085,-51.842568
1730.000000,1.441790,1.464077,32.722614,-51.992371
1731.000000,1.441777,1.464087,32.779114,-52.142370
1732.000000,1.441764,1.464097,32.835585,-52.292567
1733.000000,1.441751,1.464107,32.892029,-52.442962
1734.000000,1.441738,1.464117,32.948444,-52.593555
1735.000000,1.441725,1.464126,33.004832,-52.744347
1736.000000,1.441712,1.464136,33.061193,-52.895337
1737.000000,1.441699,1.464146,33.117525,-53.046526
1738.000000,1.441686,1.464156,33.173831,-53.197914
1739.000000,1.441673,1.464166,33.230109,-53.349501
1740.000000,1.441660,1.464176,33.286361,-53.501289
1741.000000,1.441648,1.464186,33.342585,-53.653276
1742.000000,1.441635,1.464196,33.398783,-53.805464
1743.000000,1.441622,1.464206,33.454955,-53.957852
1744.000000,1.441609,1.464216,33.511100,-54.110441
1745.000000,1.441596,1.464226,33.567219,-54.263231
1746.000000,1.441583,1.464236,33.623311,-54.416222
1747.000000,1.441570,1.464246,33.679378,-54.569416
1748.000000,1.441557,1.464257,33.735419,-54.722811
1749.000000,1.441544,1.464267,33.791435,-54.876408
1750.000000,1.441531,1.464277,33.847425,-55.030208
1751.000000,1.441518,1.464287,33.903389,-55.184211
1752.000000,1.441505,1.464297,33.959329,-55.338417
1753.000000,1.441492,1.464307,34.015243,-55.492826
1754.000000,1.441479,1.464318,34.071133,-55.647439
1755.000000,1.441466,1.464328,34.126998,-55.802256
1756.000000,1.441453,1.464338,34.182838,-55.957276
1757.000000,1.441440,1.464348,34.238654,-56.112502
1758.000000,1.441427,1.464359,34.294445,-56.267932
1759.000000,1.441414,1.464369,34.350213,-56.423567
1760.000000,1.441401,1.464379,34.405956,-56.579408
1761.000000,1.441387,1.464389,34.461676,-56.735454
1762.000000,1.441374,1.464400,34.517372,-56.891706
1763.000000,1.441361,1.464410,34.573044,-57.048164
1764.000000,1.441348,1.464420,34.628693,-57.204828
1765.000000,1.441335,1.464431,34.684318,-57.361700
1766.000000,1.441322,1.464441,34.739921,-57.518778
1767.000000,1.441309,1.464452,34.795500,-57.676064
1768.000000,1.441296,1.464462,34.851057,-57.833557
1769.000000,1.441283,1.464473,34.906591,-57.991258
1770.000000,1.441270,1.464483,34.962102,-58.149167
1771.000000,1.441257,1.464494,35.017591,-58.307285
1772.000000,1.441243,1.464504,35.073058,-58.465611
1773.000000,1.441230,1.464515,35.128502,-58.624147
1774.000000,1.441217,1.464525,35.183925,-58.782891
1775.000000,1.441204,1.464536,35.239325,-58.941845
1776.000000,1.441191,1.464546,35.294704,-59.101009
1777.000000,1.441178,1.464557,35.350062,-59.260384
1778.000000,1.441165,1.464567,35.405397,-59.419968
1779.000000,1.441151,1.464578,35.460712,-59.579764
1780.000000,1.441138,1.464589,35.516005,-59.739770
1781.000000,1.441125,1.464599,35.571278,-59.899987
1782.000000,1.441112,1.464610,35.626529,-60.060417
1783.000000,1.441099,1.464621,35.681760,-60.221058
1784.000000,1.441085,1.464631,35.736970,-60.381911
1785.000000,1.441072,1.464642,35.792159,-60.542976
1786.000000,1.441059,1.464653,35.847328,-60.704255
1787.000000,1.441046,1.464664,35.902477,-60.865746
1788.000000,1.441033,1.464674,35.957606,-61.027450
1789.000000,1.441019,1.464685,36.012715,-61.189369
1790.000000,1.441006,1.464696,36.067804,-61.351501
1791.000000,1.440993,1.464707,36.122873,-61.513847
1792.000000,1.440980,1.464718,36.177923,-61.676407
1793.000000,1.440966,1.464729,36.232953,-61.839183
1794.000000,1.440953,1.464739,36.287964,-62.002173
1795.000000,1.440940,1.464750,36.342956,-62.165379
1796.000000,1.440927,1.464761,36.397929,-62.328800
1797.000000,1.440913,1.464772,36.452883,-62.492437
1798.000000,1.440900,1.464783,36.507818,-62.656291
1799.000000,1.440887,1.464794,36.562735,-62.820361
1800.000000,1.440874,1.464805,36.617633,-62.984647
1801.000000,1.440860,1.464816,36.672512,-63.149151
1802.000000,1.440847,1.464827,36.727374,-63.313872
1803.000000,1.440834,1.464838,36.782217,-63.478811
1804.000000,1.440820,1.464849,36.837042,-63.643967
1805.000000,1.440807,1.464860,36.891849,-63.809342
1806.000000,1.440794,1.464871,36.946639,-63.974936
1807.000000,1.440780,1.464882,37.001411,-64.140748
1808.000000,1.440767,1.464893,37.056165,-64.306779
1809.000000,1.440754,1.464904,37.110903,-64.473030
1810.000000,1.440740,1.464916,37.165622,-64.639500
1811.000000,1.440727,1.464927,37.220325,-64.806190
1812.000000,1.440714,1.464938,37.275011,-64.973101
1813.000000,1.440700,1.464949,37.329680,-65.140232
1814.000000,1.440687,1.464960,37.384332,-65.307584
1815.000000,1.440673,1.464971,37.438968,-65.475157
1816.000000,1.440660,1.464983,37.493587,-65.642952
1817.000000,1.440647,1.464994,37.548189,-65.810969
1818.000000,1.440633,1.465005,37.602776,-65.979207
1819.000000,1.440620,1.465017,37.657346,-66.147668
1820.000000,1.440606,1.465028,37.711901,-66.316351
1821.000000,1.440593,1.465039,37.766439,-66.485258
1822.000000,1.440580,1.465050,37.820962,-66.654387
1823.000000,1.440566,1.465062,37.875469,-66.823741
1824.000000,1.440553,1.465073,37.929960,-66.993318
1825.000000,1.440539,1.465085,37.984437,-67.163119
1826.000000,1.440526,1.465096,38.038897,-67.333144
1827.000000,1.440512,1.465107,38.093343,-67.503395
1828.000000,1.440499,1.465119,38.147774,-67.673870
1829.000000,1.440485,1.465130,38.202190,-67.844571
1830.000000,1.440472,1.465142,38.256591,-68.015497
1831.000000,1.440458,1.465153,38.310977,-68.186649
1832.000000,1.440445,1.465165,38.365349,-68.358027
1833.000000,1.440431,1.465176,38.419706,-68.529632
1834.000000,1.440418,1.465188,38.474050,-68.701464
1835.000000,1.440404,1.465199,38.528378,-68.873523
1836.000000,1.440391,1.465211,38.582693,-69.045809
1837.000000,1.440377,1.465222,38.636994,-69.218323
1838.000000,1.440364,1.465234,38.691281,-69.391065
1839.000000,1.440350,1.465246,38.745554,-69.564035
1840.000000,1.440337,1.465257,38.799814,-69.737234
1841.000000,1.440323,1.465269,38.854060,-69.910662
1842.000000,1.440310,1.465280,38.908293,-70.084319
1843.000000,1.440296,1.465292,38.962512,-70.258205
1844.000000,1.440283,1.465304,39.016719,-70.432322
1845.000000,1.440269,1.465316,39.070912,-70.606668
1846.000000,1.440255,1.465327,39.125093,-70.781245
1847.000000,1.440242,1.465339,39.179260,-70.956053
1848.000000,1.440228,1.465351,39.233415,-71.131092
1849.000000,1.440215,1.465363,39.287557,-71.306362
1850.000000,1.440201,1.465374,39.341687,-71.481864
1851.000000,1.440187,1.465386,39.395805,-71.657597
1852.000000,1.440174,1.465398,39.449910,-71.833563
1853.000000,1.440160,1.465410,39.504003,-72.009762
1854.000000,1.440147,1.465422,39.558084,-72.186193
1855.000000,1.440133,1.465433,39.612154,-72.362858
1856.000000,1.440119,1.465445,39.666211,-72.539756
1857.000000,1.440106,1.465457,39.720257,-72.716888
1858.000000,1.440092,1.465469,39.774291,-72.894254
1859.000000,1.440078,1.465481,39.828314,-73.071854
1860.000000,1.440065,1.465493,39.882325,-73.249689
1861.000000,1.440051,1.465505,39.936325,-73.427760
1862.000000,1.440037,1.465517,39.990314,-73.606065
1863.000000,1.440024,1.465529,40.044292,-73.784606
1864.000000,1.440010,1.465541,40.098260,-73.963383
1865.000000,1.439996,1.465553,40.152216,-74.142396
1866.000000,1.439982,1.465565,40.206161,-74.321646
1867.000000,1.439969,1.465577,40.260096,-74.501133
1868.000000,1.439955,1.465589,40.314021,-74.680857
1869.000000,1.439941,1.465601,40.367935,-74.860818
1870.000000,1.439928,1.465613,40.421839,-75.041017
1871.000000,1.439914,1.465626,40.475733,-75.221454
1872.000000,1.439900,1.465638,40.529617,-75.402130
1873.000000,1.439886,1.465650,40.583491,-75.583044
1874.000000,1.439873,1.465662,40.637355,-75.764198
1875.000000,1.439859,1.465674,40.691209,-75.945591
1876.000000,1.439845,1.465686,40.745053,-76.127223
1877.000000,1.439831,1.465699,40.798889,-76.309095
1878.000000,1.439817,1.465711,40.852714,-76.491208
1879.000000,1.439804,1.465723,40.906531,-76.673562
1880.000000,1.439790,1.465735,40.960338,-76.856156
1881.000000,1.439776,1.465748,41.014136,-77.038991
1882.000000,1.439762,1.465760,41.067925,-77.222068
1883.000000,1.439748,1.465772,41.121705,-77.405387
1884.000000,1.439735,1.465785,41.175477,-77.588948
1885.000000,1.439721,1.465797,41.229240,-77.772752
1886.000000,1.439707,1.465809,41.282994,-77.956798
1887.000000,1.439693,1.465822,41.336740,-78.141087
1888.000000,1.439679,1.465834,41.390477,-78.325620
1889.000000,1.439665,1.465847,41.444206,-78.510397
1890.000000,1.439652,1.465859,41.497927,-78.695417
1891.000000,1.439638,1.465871,41.551640,-78.880682
1892.000000,1.439624,1.465884,41.605345,-79.066192
1893.000000,1.439610,1.465896,41.659042,-79.251947
1894.000000,1.439596,1.465909,41.712732,-79.437947
1895.000000,1.439582,1.465921,41.766413,-79.624192
1896.000000,1.439568,1.465934,41.820088,-79.810684
1897.000000,1.439554,1.465947,41.873754,-79.997422
1898.000000,1.439540,1.465959,41.927414,-80.184406
1899.000000,1.439526,1.465972,41.981066,-80.371638
1900.000000,1.439513,1.465984,42.034711,-80.559117
1901.000000,1.439499,1.465997,42.088349,-80.746843
1902.000000,1.439485,1.466009,42.141980,-80.934817
1903.000000,1.439471,1.466022,42.195604,-81.123039
1904.000000,1.439457,1.466035,42.249221,-81.311510
1905.000000,1.439443,1.466047,42.302832,-81.500230
1906.000000,1.439429,1.466060,42.356436,-81.689198
1907.000000,1.439415,1.466073,42.410034,-81.878417
1908.000000,1.439401,1.466086,42.463625,-82.067885
1909.000000,1.439387,1.466098,42.517211,-82.257603
1910.000000,1.439373,1.466111,42.570789,-82.447571
1911.000000,1.439359,1.466124,42.624362,-82.637791
1912.000000,1.439345,1.466137,42.677929,-82.828261
1913.000000,1.439331,1.466149,42.731490,-83.018983
1914.000000,1.439317,1.466162,42.785046,-83.209957
1915.000000,1.439303,1.466175,42.838595,-83.401182
1916.000000,1.439289,1.466188,42.892139,-83.592660
1917.000000,1.439275,1.466201,42.945678,-83.784391
1918.000000,1.439261,1.466214,42.999211,-83.976375
1919.000000,1.439247,1.466227,43.052739,-84.168612
1920.000000,1.439233,1.466240,43.106262,-84.361103
1921.000000,1.439219,1.466252,43.159779,-84.553847
1922.000000,1.439204,1.466265,43.213292,-84.746846
1923.000000,1.439190,1.466278,43.266800,-84.940100
1924.000000,1.439176,1.466291,43.320302,-85.133609
1925.000000,1.439162,1.466304,43.373801,-85.327373
1926.000000,1.439148,1.466317,43.427294,-85.521393
1927.000000,1.439134,1.466330,43.480783,-85.715668
1928.000000,1.439120,1.466343,43.534268,-85.910200
1929.000000,1.439106,1.466356,43.587748,-86.104989
1930.000000,1.439092,1.466370,43.641224,-86.300034
1931.000000,1.439077,1.466383,43.694696,-86.495337
1932.000000,1.439063,1.466396,43.748163,-86.690897
1933.000000,1.439049,1.466409,43.801627,-86.886715
1934.000000,1.439035,1.466422,43.855087,-87.082792
1935.000000,1.439021,1.466435,43.908543,-87.279127
1936.000000,1.439007,1.466448,43.961995,-87.475721
1937.000000,1.438992,1.466462,44.015444,-87.672574
1938.000000,1.438978,1.466475,44.068889,-87.869687
1939.000000,1.438964,1.466488,44.122331,-88.067060
1940.000000,1.438950,1.466501,44.175770,-88.264693
1941.000000,1.438936,1.466514,44.229205,-88.462587
1942.000000,1.438921,1.466528,44.282637,-88.660741
1943.000000,1.438907,1.466541,44.336066,-88.859157
1944.000000,1.438893,1.466554,44.389492,-89.057834
1945.000000,1.438879,1.466568,44.442916,-89.256773
1946.000000,1.438865,1.466581,44.496336,-89.455975
1947.000000,1.438850,1.466594,44.549754,-89.655439
1948.000000,1.438836,1.466608,44.603169,-89.855166
1949.000000,1.438822,1.466621,44.656582,-90.055156
1950.000000,1.438808,1.466634,44.709992,-90.255410
1951.000000,1.438793,1.466648,44.763400,-90.455927
1952.000000,1.438779,1.466661,44.816805,-90.656709
1953.000000,1.438765,1.466675,44.870209,-90.857756
1954.000000,1.438750,1.466688,44.923610,-91.059067
1955.000000,1.438736,1.466702,44.977010,-91.260644
1956.000000,1.438722,1.466715,45.030407,-91.462486
1957.000000,1.438707,1.466729,45.083803,-91.664594
1958.000000,1.438693,1.466742,45.137197,-91.866969
1959.000000,1.438679,1.466756,45.190589,-92.069610
1960.000000,1.438665,1.466769,45.243980,-92.272518
1961.000000,1.438650,1.466783,45.297369,-92.475693
1962.000000,1.438636,1.466796,45.350757,-92.679136
1963.000000,1.438621,1.466810,45.404144,-92.882847
1964.000000,1.438607,1.466824,45.457529,-93.086826
1965.000000,1.438593,1.466837,45.510913,-93.291074
1966.000000,1.438578,1.466851,45.564297,-93.495590
1967.000000,1.438564,1.466865,45.617679,-93.700376
1968.000000,1.438550,1.466878,45.671061,-93.905432
1969.000000,1.438535,1.466892,45.724441,-94.110758
1970.000000,1.438521,1.466906,45.777822,-94.316354
1971.000000,1.438506,1.466919,45.831201,-94.522220
1972.000000,1.438492,1.466933,45.884580,-94.728358
1973.000000,1.438478,1.466947,45.937959,-94.934767
1974.000000,1.438463,1.466961,45.991337,-95.141448
1975.000000,1.438449,1.466975,46.044715,-95.348401
1976.000000,1.438434,1.466988,46.098092,-95.555626
1977.000000,1.438420,1.467002,46.151470,-95.763124
1978.000000,1.438405,1.467016,46.204848,-95.970895
1979.000000,1.438391,1.467030,46.258225,-96.178940
1980.000000,1.438376,1.467044,46.311603,-96.387258
1981.000000,1.438362,1.467058,46.364981,-96.595850
1982.000000,1.438347,1.467072,46.418360,-96.804717
1983.000000,1.438333,1.467085,46.471739,-97.013859
1984.000000,1.438318,1.467099,46.525118,-97.223276
1985.000000,1.438304,1.467113,46.578498,-97.432968
1986.000000,1.438289,1.467127,46.631879,-97.642936
1987.000000,1.438275,1.467141,46.685260,-97.853181
1988.000000,1.438260,1.467155,46.738642,-98.063701
1989.000000,1.438246,1.467169,46.792025,-98.274499
1990.000000,1.438231,1.467183,46.845410,-98.485574
1991.000000,1.438217,1.467197,46.898795,-98.696927
1992.000000,1.438202,1.467211,46.952181,-98.908557
1993.000000,1.438188,1.467226,47.005569,-99.120466
1994.000000,1.438173,1.467240,47.058957,-99.332654
1995.000000,1.438158,1.467254,47.112348,-99.545120
1996.000000,1.438144,1.467268,47.165739,-99.757866
1997.000000,1.438129,1.467282,47.219133,-99.970891
1998.000000,1.438115,1.467296,47.272528,-100.184197
1999.000000,1.438100,1.467310,47.325924,-100.397783
2000.000000,1.438085,1.467325,47.379323,-100.611649
